"","Tip","brLegth"
"1","Nymphaea_1",9.914141
"2","Nymphaea_3",10.936655
"3","Myristica_8",2.671731
"4","Myristica_9",3.40768
"5","Orophea_17",8.168282
"6","Orophea_19",5.762033
"7","Disepalum_29",31.795914
"8","Disepalum_30",31.795914
"9","Oyama_32",5.448488
"10","Oyama_33",5.448488
"11","Litsea_53",1.304735
"12","Litsea_54",2.297696
"13","Litsea_56",4.01601
"14","Lindera_57",5.186227
"15","Lindera_59",0.946201
"16","Epipremnum_84",8.616956
"17","Epipremnum_85",6.070509
"18","Sauromatum_100",9.488319
"19","Sauromatum_101",9.488319
"20","Alpinia_158",8.441376
"21","Alpinia_159",5.166175
"22","Hornstedtia_160",4.02757
"23","Hornstedtia_161",0.087666
"24","Amomum_163",1.206812
"25","Etlingera_164",1.300543
"26","Etlingera_165",3.891116
"27","Amomum_167",1.30888
"28","Amomum_168",4.939471
"29","Caulokaempferia_170",12.661706
"30","Zingiber_173",6.313845
"31","Zingiber_174",8.604962
"32","Hedychium_175",8.604962
"33","Zingiber_176",2.565997
"34","Hedychium_181",6.809299
"35","Roscoea_182",9.027354
"36","Caulokaempferia_183",8.545817
"37","Roscoea_184",8.545817
"38","Commelina_194",26.470824
"39","Commelina_196",3.340706
"40","Carex_224",2.776884
"41","Carex_225",10.309515
"42","Kobresia_226",8.297405
"43","Carex_227",3.499979
"44","Carex_228",2.005289
"45","Kobresia_229",4.458026
"46","Kobresia_230",12.320909
"47","Cyperus_240",5.293232
"48","Cyperus_241",1.596803
"49","Pycreus_242",1.596803
"50","Cyperus_243",1.763454
"51","Pycreus_244",2.944784
"52","Kyllinga_245",3.194528
"53","Kyllinga_247",4.690419
"54","Cyperus_249",4.634462
"55","Cyperus_250",8.593524
"56","Cyperus_252",4.830839
"57","Cyperus_253",4.95343
"58","Stephanachne_262",3.977258
"59","Stephanachne_264",4.493265
"60","Leymus_273",7.471007
"61","Elymus_274",1.769986
"62","Kengyilia_275",2.699924
"63","Elymus_276",2.434844
"64","Kengyilia_277",2.094396
"65","Elymus_278",2.094396
"66","Kengyilia_281",2.357636
"67","Elymus_282",1.30471
"68","Elymus_283",1.138537
"69","Elymus_284",1.138537
"70","Kengyilia_285",2.658503
"71","Elymus_286",3.915667
"72","Elymus_287",7.300206
"73","Leymus_288",7.692389
"74","Helictotrichon_292",8.103081
"75","Briza_295",13.572719
"76","Briza_297",8.815144
"77","Achnatherum_298",1.916762
"78","Agrostis_300",3.340491
"79","Agrostis_302",4.989898
"80","Helictotrichon_304",16.906779
"81","Festuca_308",0.751893
"82","Festuca_310",13.581498
"83","Lolium_311",8.404611
"84","Lolium_312",1.835937
"85","Festuca_313",1.477306
"86","Festuca_314",3.767358
"87","Trikeraia_328",4.707408
"88","Trikeraia_329",4.653284
"89","Achnatherum_332",13.240754
"90","Bambusa_336",0.693953
"91","Bambusa_337",0.621597
"92","Dendrocalamus_338",0.025289
"93","Dendrocalamus_340",0.19203
"94","Gigantochloa_341",0.19203
"95","Bambusa_342",0.728727
"96","Bambusa_343",0.636306
"97","Bambusa_344",0.58201
"98","Bambusa_345",0.485902
"99","Bambusa_346",0.428814
"100","Bambusa_348",0.387755
"101","Bambusa_349",1.390473
"102","Bambusa_351",0.882302
"103","Gigantochloa_352",0.882302
"104","Cephalostachyum_353",1.16341
"105","Cephalostachyum_356",5.176371
"106","Pleioblastus_360",0.209519
"107","Pleioblastus_361",2.843583
"108","Oligostachyum_362",2.814087
"109","Semiarundinaria_363",0.962661
"110","Oligostachyum_367",2.523402
"111","Shibataea_369",2.941884
"112","Indocalamus_371",2.830999
"113","Shibataea_372",1.622495
"114","Ferrocalamus_373",1.622495
"115","Ferrocalamus_374",1.7173
"116","Phyllostachys_375",2.185566
"117","Phyllostachys_376",2.132312
"118","Dichanthium_377",2.040116
"119","Ampelocalamus_378",1.867831
"120","Indocalamus_379",1.867831
"121","Yushania_380",0.91247
"122","Himalayacalamus_381",0.741236
"123","Fargesia_382",0.045054
"124","Yushania_383",0.045054
"125","Phyllostachys_384",0.440889
"126","Chimonobambusa_385",0.325761
"127","Fargesia_387",0.225008
"128","Indocalamus_388",0.355537
"129","Chimonobambusa_389",0.392286
"130","Yushania_390",0.514108
"131","Semiarundinaria_391",0.70074
"132","Chimonobambusa_392",0.800533
"133","Fargesia_393",1.345547
"134","Himalayacalamus_394",1.274388
"135","Phyllostachys_395",0.795132
"136","Yushania_396",1.523433
"137","Ampelocalamus_397",1.332304
"138","Chimonobambusa_398",1.332304
"139","Yushania_399",0.227861
"140","Indocalamus_400",1.582483
"141","Phyllostachys_401",1.937984
"142","Fargesia_402",2.276717
"143","Arthraxon_417",12.64976
"144","Coix_418",12.949045
"145","Dichanthium_421",8.699601
"146","Mnesithea_423",2.673444
"147","Cymbopogon_427",11.295628
"148","Phacelurus_429",3.927745
"149","Capillipedium_430",3.992286
"150","Eulalia_431",5.37732
"151","Spodiopogon_432",4.879548
"152","Imperata_435",4.168293
"153","Eulalia_437",3.210296
"154","Saccharum_439",2.960841
"155","Imperata_442",3.374216
"156","Hyparrhenia_445",7.034016
"157","Cymbopogon_446",5.738317
"158","Capillipedium_447",4.800746
"159","Arthraxon_448",4.652524
"160","Spodiopogon_451",2.608042
"161","Themeda_452",2.608042
"162","Themeda_453",4.185426
"163","Hyparrhenia_454",4.112447
"164","Andropogon_456",4.199634
"165","Saccharum_457",5.958326
"166","Coix_459",12.574821
"167","Phacelurus_460",13.183068
"168","Pseudoraphis_462",7.085198
"169","Brachiaria_467",6.633272
"170","Brachiaria_471",6.089807
"171","Andropogon_472",15.559182
"172","Panicum_473",5.340329
"173","Pseudoraphis_474",5.340329
"174","Panicum_476",7.224106
"175","Cyrtococcum_482",7.021321
"176","Cyrtococcum_484",7.43223
"177","Mnesithea_506",3.049645
"178","Aeluropus_507",3.049645
"179","Aeluropus_508",4.27413
"180","Gymnadenia_551",4.891704
"181","Platanthera_552",4.891704
"182","Platanthera_553",8.411476
"183","Diphylax_554",8.411476
"184","Diphylax_555",9.315984
"185","Gymnadenia_556",0.155245
"186","Platanthera_557",0.155245
"187","Zeuxine_562",27.852547
"188","Hetaeria_571",24.548463
"189","Hetaeria_573",25.755841
"190","Zeuxine_574",3.154367
"191","Coelogyne_585",1.409814
"192","Otochilus_586",1.409814
"193","Otochilus_587",4.452156
"194","Coelogyne_590",5.905573
"195","Panisea_591",7.103779
"196","Panisea_596",10.245042
"197","Dienia_597",5.642051
"198","Malaxis_598",5.642051
"199","Crepidium_600",5.691005
"200","Crepidium_601",3.697252
"201","Malaxis_602",3.697252
"202","Dienia_604",6.973249
"203","Bulbophyllum_609",2.202632
"204","Bulbophyllum_612",9.12815
"205","Bulbophyllum_613",0.841768
"206","Bulbophyllum_614",11.554078
"207","Renanthera_633",14.009029
"208","Renanthera_636",7.919635
"209","Vandopsis_641",13.171792
"210","Vandopsis_646",12.397689
"211","Schoenorchis_648",6.956971
"212","Sarcoglyphis_651",7.43483
"213","Sarcoglyphis_652",7.43483
"214","Schoenorchis_655",12.224296
"215","Rhynchostylis_658",13.627981
"216","Ascocentrum_661",8.62982
"217","Ascocentrum_663",10.984323
"218","Rhynchostylis_666",11.554449
"219","Phalaenopsis_669",10.308088
"220","Phalaenopsis_670",10.308089
"221","Pteroceras_672",12.623426
"222","Pteroceras_677",3.330675
"223","Ceratostylis_685",6.254109
"224","Ceratostylis_686",7.8977
"225","Pinalia_691",2.351309
"226","Pinalia_693",7.707206
"227","Conchidium_701",16.957861
"228","Conchidium_702",24.207063
"229","Cephalanthera_712",39.378535
"230","Cephalanthera_713",16.64053
"231","Iris_718",9.520877
"232","Iris_719",27.05166
"233","Iris_720",5.9605
"234","Chlorophytum_727",6.145207
"235","Chlorophytum_728",6.227751
"236","Campylandra_737",8.294535
"237","Campylandra_739",8.694788
"238","Smilax_753",0.856473
"239","Smilax_755",6.17939
"240","Smilax_756",56
"241","Lilium_765",5.213244
"242","Lilium_766",4.904381
"243","Nomocharis_767",4.904381
"244","Lilium_768",5.259842
"245","Lilium_769",1.218334
"246","Nomocharis_770",5.047484
"247","Lilium_771",3.293656
"248","Mahonia_821",10.067952
"249","Mahonia_822",6.033787
"250","Anemone_834",6.635611
"251","Anemone_836",0.779713
"252","Clematis_838",1.328117
"253","Clematis_839",0.711385
"254","Clematis_840",1.829213
"255","Naravelia_841",1.829213
"256","Clematis_842",1.914562
"257","Clematis_843",3.250416
"258","Clematis_844",3.222804
"259","Clematis_845",0.724246
"260","Clematis_846",2.468771
"261","Clematis_847",3.001518
"262","Clematis_848",1.069655
"263","Clematis_849",2.901908
"264","Clematis_850",2.211549
"265","Naravelia_851",2.211549
"266","Clematis_852",0.681559
"267","Clematis_853",3.157926
"268","Clematis_854",3.279435
"269","Clematis_855",3.704373
"270","Clematis_856",4.287804
"271","Clematis_857",8.57629
"272","Anemone_858",16.940455
"273","Anemone_859",3.682677
"274","Anemone_860",2.762022
"275","Hepatica_861",2.762022
"276","Hepatica_862",2.841965
"277","Ranunculus_866",3.585318
"278","Ranunculus_867",16.283501
"279","Ranunculus_868",11.728229
"280","Ranunculus_869",8.582868
"281","Ranunculus_870",2.336648
"282","Aconitum_883",26.022099
"283","Delphinium_884",31.568388
"284","Aconitum_885",33.118717
"285","Delphinium_886",6.324184
"286","Delphinium_888",23.11953
"287","Cocculus_910",14.759848
"288","Pachygone_911",6.875833
"289","Cocculus_912",6.875833
"290","Pachygone_913",7.259769
"291","Cocculus_914",7.259769
"292","Hydrangea_926",6.255856
"293","Hydrangea_927",9.443653
"294","Hydrangea_929",13.996776
"295","Abelia_964",11.633748
"296","Abelia_966",19.212875
"297","Aralia_974",3.515364
"298","Aralia_975",7.982663
"299","Aralia_978",6.819768
"300","Schefflera_979",11.744234
"301","Schefflera_980",9.875723
"302","Schefflera_982",6.987613
"303","Macropanax_988",4.709558
"304","Macropanax_990",4.58702
"305","Schefflera_995",3.703762
"306","Pleurospermum_1003",12.465688
"307","Pleurospermum_1005",5.842248
"308","Physospermopsis_1010",6.079324
"309","Cnidium_1018",0.151224
"310","Ligusticum_1019",0.35073
"311","Ligusticum_1020",0.959155
"312","Pleurospermum_1021",8.967556
"313","Cortiella_1023",6.346532
"314","Archangelica_1027",1.216365
"315","Physospermopsis_1030",4.703624
"316","Cortiella_1031",6.688521
"317","Peucedanum_1033",3.788817
"318","Seseli_1036",3.607082
"319","Seseli_1037",2.828488
"320","Peucedanum_1038",1.461072
"321","Peucedanum_1040",3.871341
"322","Angelica_1041",0.73075
"323","Archangelica_1042",0.73075
"324","Cnidium_1044",1.72662
"325","Angelica_1046",0.940923
"326","Angelica_1047",1.41428
"327","Angelica_1048",1.720916
"328","Heracleum_1051",9.367315
"329","Heracleum_1052",7.650215
"330","Pimpinella_1055",0.084498
"331","Pimpinella_1057",1.077865
"332","Pimpinella_1058",8.201158
"333","Pternopetalum_1066",8.229616
"334","Pleurospermum_1069",0.668089
"335","Pternopetalum_1070",2.21167
"336","Onopordum_1093",7.442898
"337","Saussurea_1098",0.765932
"338","Saussurea_1099",1.242977
"339","Saussurea_1100",2.065187
"340","Saussurea_1101",1.89684
"341","Saussurea_1102",1.227812
"342","Saussurea_1103",1.825204
"343","Saussurea_1104",1.58273
"344","Saussurea_1105",3.868256
"345","Tricholepis_1112",7.926548
"346","Tricholepis_1114",5.847018
"347","Cirsium_1118",0.166271
"348","Cirsium_1120",0.695164
"349","Onopordum_1121",9.761536
"350","Doronicum_1123",29.780586
"351","Doronicum_1124",26.566526
"352","Artemisia_1125",17.340785
"353","Cotula_1126",16.612688
"354","Ajania_1128",4.272763
"355","Ajania_1129",4.236281
"356","Ajania_1130",4.118611
"357","Chrysanthemum_1132",3.919255
"358","Chrysanthemum_1133",2.426113
"359","Ajania_1134",2.426113
"360","Artemisia_1135",3.874321
"361","Artemisia_1137",5.069142
"362","Artemisia_1138",5.138458
"363","Artemisia_1141",1.583801
"364","Artemisia_1142",2.159134
"365","Artemisia_1143",1.708386
"366","Artemisia_1144",1.513105
"367","Artemisia_1146",0.548783
"368","Artemisia_1147",1.422774
"369","Artemisia_1149",1.765451
"370","Artemisia_1150",1.80537
"371","Artemisia_1151",1.918596
"372","Artemisia_1153",0.971183
"373","Artemisia_1154",2.009732
"374","Hippolytia_1155",2.443536
"375","Artemisia_1156",4.305608
"376","Tanacetum_1158",6.626634
"377","Tanacetum_1161",4.271101
"378","Artemisia_1163",17.306813
"379","Hippolytia_1164",17.38781
"380","Cotula_1165",24.765191
"381","Aster_1170",5.671592
"382","Aster_1171",2.243794
"383","Aster_1176",4.516462
"384","Erigeron_1177",5.916044
"385","Aster_1179",5.36396
"386","Aster_1181",7.229978
"387","Erigeron_1183",1.7344
"388","Gnaphalium_1189",10.940672
"389","Gnaphalium_1190",6.64142
"390","Anaphalis_1195",4.101418
"391","Anaphalis_1197",3.677137
"392","Gynura_1198",19.818231
"393","Senecio_1199",7.707113
"394","Gynura_1200",12.727191
"395","Erechtites_1201",8.429597
"396","Erechtites_1202",1.296419
"397","Senecio_1203",1.296419
"398","Senecio_1205",7.454616
"399","Synotis_1207",1.706884
"400","Synotis_1208",1.486591
"401","Synotis_1209",2.229623
"402","Synotis_1210",3.247118
"403","Senecio_1211",12.132972
"404","Petasites_1212",6.540338
"405","Petasites_1213",3.471712
"406","Syneilesis_1216",2.051753
"407","Ligularia_1218",1.876129
"408","Cremanthodium_1219",2.610343
"409","Syneilesis_1220",2.610343
"410","Ligularia_1221",3.778649
"411","Cremanthodium_1222",3.733606
"412","Ligularia_1223",2.043317
"413","Sinosenecio_1224",1.502165
"414","Nemosenecio_1225",1.502165
"415","Sinosenecio_1226",1.529037
"416","Nemosenecio_1227",2.009299
"417","Sinosenecio_1228",2.090546
"418","Tephroseris_1229",2.142731
"419","Ligularia_1230",1.631214
"420","Sinosenecio_1232",3.252851
"421","Sinosenecio_1233",3.851272
"422","Ligularia_1234",3.46962
"423","Ligularia_1235",2.245151
"424","Cremanthodium_1236",0.051409
"425","Ligularia_1237",0.985049
"426","Ligularia_1238",0.869674
"427","Tephroseris_1239",0.844134
"428","Ligularia_1240",0.3086
"429","Cremanthodium_1241",0.476037
"430","Ligularia_1242",0.898206
"431","Ligularia_1243",0.934621
"432","Ligularia_1244",1.067391
"433","Cremanthodium_1246",3.142232
"434","Cremanthodium_1247",4.077346
"435","Laggera_1248",6.155394
"436","Pluchea_1249",6.155394
"437","Sphaeranthus_1250",6.501274
"438","Laggera_1251",6.501274
"439","Epaltes_1252",6.18395
"440","Sphaeranthus_1253",6.10365
"441","Pluchea_1254",6.103651
"442","Epaltes_1255",9.159746
"443","Blumea_1258",6.953216
"444","Duhaldea_1259",15.675286
"445","Inula_1262",10.210258
"446","Pentanema_1263",3.791168
"447","Inula_1264",3.791168
"448","Duhaldea_1265",8.23009
"449","Blumea_1266",8.23009
"450","Pentanema_1267",8.31614
"451","Eupatorium_1270",17.142337
"452","Eupatorium_1273",2.664245
"453","Scorzonera_1286",10.058562
"454","Scorzonera_1287",12.179899
"455","Ixeris_1290",15.939748
"456","Ixeris_1292",10.027156
"457","Notoseris_1297",9.619059
"458","Soroseris_1298",9.779208
"459","Soroseris_1299",9.683731
"460","Syncalathium_1300",6.730902
"461","Syncalathium_1302",6.006216
"462","Cicerbita_1304",17.266265
"463","Crepis_1306",11.416832
"464","Cicerbita_1307",10.08668
"465","Crepis_1308",7.220607
"466","Hypochaeris_1309",7.220607
"467","Hypochaeris_1310",14.328645
"468","Notoseris_1312",2.154735
"469","Notoseris_1313",1.09897
"470","Paraprenanthes_1314",1.09897
"471","Paraprenanthes_1315",1.323128
"472","Notoseris_1316",2.259848
"473","Cicerbita_1318",11.177931
"474","Lactuca_1319",11.266352
"475","Lactuca_1321",13.052382
"476","Hypochaeris_1322",20.467489
"477","Distephanus_1324",19.957538
"478","Vernonia_1325",4.492443
"479","Vernonia_1328",10.156911
"480","Distephanus_1330",21.903692
"481","Lobelia_1342",23.453298
"482","Lobelia_1343",23.453299
"483","Codonopsis_1346",14.79728
"484","Codonopsis_1347",3.373468
"485","Codonopsis_1348",15.497349
"486","Codonopsis_1349",3.932772
"487","Campanula_1353",39.142901
"488","Asyneuma_1355",18.920893
"489","Asyneuma_1357",21.608622
"490","Campanula_1358",27.516085
"491","Merremia_1375",4.526165
"492","Merremia_1376",9.950331
"493","Convolvulus_1378",6.816993
"494","Convolvulus_1379",4.646596
"495","Merremia_1382",10.796537
"496","Ipomoea_1383",12.688834
"497","Ipomoea_1384",6.99823
"498","Evolvulus_1390",41.091696
"499","Evolvulus_1392",14.664518
"500","Physaliastrum_1403",6.589953
"501","Physaliastrum_1406",5.402772
"502","Solanum_1409",0.472543
"503","Solanum_1410",12.067436
"504","Syringa_1417",7.11599
"505","Syringa_1419",10.30382
"506","Paraboea_1436",19.543618
"507","Boea_1437",29.474192
"508","Didissandra_1443",10.502703
"509","Isometrum_1450",1.10381
"510","Oreocharis_1454",3.02164
"511","Oreocharis_1456",1.396189
"512","Isometrum_1457",5.953387
"513","Didymocarpus_1459",9.25934
"514","Primulina_1461",5.934307
"515","Chiritopsis_1463",2.949038
"516","Primulina_1464",2.949038
"517","Chiritopsis_1465",3.096501
"518","Lagarosolen_1466",8.775669
"519","Lagarosolen_1470",4.179379
"520","Lagarosolen_1472",3.626364
"521","Didymocarpus_1473",3.626364
"522","Lagarosolen_1474",4.763282
"523","Paraboea_1483",45.405342
"524","Boea_1484",45.405342
"525","Didissandra_1485",41.231367
"526","Didymocarpus_1486",41.231367
"527","Veronicastrum_1489",36.224035
"528","Veronica_1491",1.551965
"529","Veronica_1492",1.376843
"530","Veronica_1494",20.820688
"531","Veronicastrum_1495",36.298308
"532","Hygrophila_1526",22.273516
"533","Hygrophila_1528",20.312959
"534","Hypoestes_1530",47.787365
"535","Hypoestes_1534",6.747879
"536","Asystasia_1540",15.623771
"537","Asystasia_1545",21.141454
"538","Lepidagathis_1547",1.663698
"539","Barleria_1549",29.074832
"540","Lepidagathis_1550",35.959198
"541","Barleria_1551",38.090465
"542","Euphrasia_1588",5.785616
"543","Euphrasia_1590",6.239487
"544","Chelonopsis_1605",7.578429
"545","Chelonopsis_1607",7.710223
"546","Stachys_1610",3.687755
"547","Stachys_1612",4.483959
"548","Colquhounia_1630",19.918685
"549","Colquhounia_1631",20.189118
"550","Teucrium_1640",10.681786
"551","Teucrium_1642",9.049985
"552","Teucrium_1643",11.434888
"553","Clerodendrum_1646",2.969932
"554","Clerodendrum_1648",3.109588
"555","Clerodendrum_1649",14.829724
"556","Ocimum_1654",13.006289
"557","Ocimum_1658",2.204409
"558","Isodon_1660",0.417002
"559","Isodon_1662",4.718045
"560","Isodon_1664",3.000904
"561","Isodon_1665",3.02606
"562","Isodon_1666",1.513443
"563","Isodon_1667",4.793292
"564","Micromeria_1679",11.462561
"565","Clinopodium_1683",3.150735
"566","Clinopodium_1684",2.753483
"567","Stachys_1685",2.753483
"568","Clinopodium_1686",3.494879
"569","Micromeria_1687",7.762724
"570","Mosla_1691",5.502806
"571","Mosla_1693",23.12855
"572","Lindernia_1694",2.474495
"573","Torenia_1695",2.474495
"574","Torenia_1696",8.805457
"575","Lindernia_1698",23.198104
"576","Scrophularia_1701",6.724011
"577","Scrophularia_1702",3.253644
"578","Scrophularia_1704",2.611513
"579","Scrophularia_1705",3.326244
"580","Ophiorrhiza_1708",1.286639
"581","Ophiorrhiza_1710",0.6464
"582","Hedyotis_1718",22.039817
"583","Richardia_1720",4.661625
"584","Richardia_1721",4.661625
"585","Hedyotis_1723",10.871208
"586","Mycetia_1729",3.960365
"587","Mycetia_1730",7.388742
"588","Galium_1734",5.199677
"589","Galium_1735",17.250863
"590","Galium_1736",16.984035
"591","Galium_1737",2.111686
"592","Asperula_1738",16.519922
"593","Asperula_1739",19.478807
"594","Nauclea_1749",7.257134
"595","Neonauclea_1751",1.656005
"596","Nauclea_1753",5.364873
"597","Neonauclea_1754",1.875338
"598","Wendlandia_1770",6.991693
"599","Wendlandia_1771",0.961917
"600","Wendlandia_1772",1.018899
"601","Aidia_1776",9.504226
"602","Aidia_1778",7.249479
"603","Tarenna_1786",10.129355
"604","Tarenna_1788",4.820863
"605","Gentianella_1800",4.080109
"606","Swertia_1801",4.977284
"607","Swertia_1803",12.656786
"608","Gentianella_1804",13.726284
"609","Lomatogonium_1806",13.79146
"610","Swertia_1807",4.995033
"611","Lomatogonium_1808",10.895672
"612","Swertia_1809",15.74307
"613","Swertia_1811",10.610876
"614","Swertia_1813",20.250897
"615","Tabernaemontana_1823",7.971057
"616","Tabernaemontana_1824",7.971057
"617","Anodendron_1830",20.906718
"618","Ichnocarpus_1838",10.275396
"619","Ichnocarpus_1841",3.016115
"620","Toxocarpus_1848",21.992006
"621","Toxocarpus_1849",10.490442
"622","Dregea_1852",10.903807
"623","Dregea_1854",10.821569
"624","Marsdenia_1857",10.058289
"625","Hoya_1858",1.426951
"626","Hoya_1860",3.061056
"627","Hoya_1862",3.17393
"628","Cynanchum_1863",11.583407
"629","Cynanchum_1869",0.149833
"630","Tylophora_1874",5.139913
"631","Tylophora_1875",4.521217
"632","Tylophora_1876",4.033311
"633","Tylophora_1877",3.459629
"634","Cynanchum_1879",5.588875
"635","Marsdenia_1883",20.45336
"636","Anodendron_1884",15.408901
"637","Cryptolepis_1887",11.064986
"638","Cryptolepis_1889",5.929635
"639","Cynoglossum_1907",3.586378
"640","Cynoglossum_1908",1.435974
"641","Eritrichium_1915",10.410436
"642","Eritrichium_1917",2.887526
"643","Arnebia_1926",13.005705
"644","Arnebia_1928",5.061665
"645","Heliotropium_1933",9.954086
"646","Heliotropium_1934",15.54527
"647","Saurauia_1936",83.5
"648","Saurauia_1937",33.215067
"649","Vaccinium_1947",27.30063
"650","Vaccinium_1948",26.146025
"651","Vaccinium_1949",1.841397
"652","Vaccinium_1951",2.556601
"653","Vaccinium_1952",23.02594
"654","Vaccinium_1953",3.083189
"655","Rhododendron_1959",12.390509
"656","Rhododendron_1960",6.900077
"657","Rhododendron_1962",4.612752
"658","Rhododendron_1963",2.891084
"659","Rhododendron_1964",1.501759
"660","Embelia_1973",19.100183
"661","Embelia_1976",20.140835
"662","Lysimachia_1978",10.873892
"663","Lysimachia_1979",9.414707
"664","Lysimachia_1980",12.743203
"665","Lysimachia_1981",14.606339
"666","Primula_1982",2.418724
"667","Primula_1983",16.296339
"668","Primula_1984",0.905486
"669","Primula_1985",26.760626
"670","Primula_1986",1.34866
"671","Omphalogramma_1987",5.904295
"672","Omphalogramma_1989",5.974716
"673","Androsace_1990",16.786335
"674","Androsace_1991",11.21689
"675","Adinandra_1999",4.026255
"676","Adinandra_2000",8.329235
"677","Ternstroemia_2001",3.346213
"678","Ternstroemia_2003",6.959476
"679","Polyspora_2019",0.136327
"680","Polyspora_2021",4.583961
"681","Camellia_2022",0.574646
"682","Camellia_2024",5.076468
"683","Diploknema_2029",1.763449
"684","Pouteria_2030",7.163603
"685","Pouteria_2031",7.148917
"686","Diploknema_2033",0.122791
"687","Madhuca_2034",0.122791
"688","Madhuca_2036",6.745171
"689","Myricaria_2045",23.563762
"690","Myricaria_2047",37.723347
"691","Acantholimon_2050",15.876066
"692","Goniolimon_2052",7.79559
"693","Goniolimon_2053",22.317542
"694","Acantholimon_2054",29.253068
"695","Polygonum_2058",44.361862
"696","Rumex_2061",35.207011
"697","Rumex_2062",18.780018
"698","Polygonum_2063",13.952331
"699","Polygonum_2067",3.088736
"700","Fagopyrum_2069",11.408276
"701","Fagopyrum_2071",23.832951
"702","Polygonum_2072",40.167852
"703","Polygonum_2073",32.069535
"704","Polygonum_2075",11.847848
"705","Polygonum_2076",14.591637
"706","Polygonum_2077",29.031484
"707","Pisonia_2080",8.819739
"708","Pisonia_2081",8.819739
"709","Boerhavia_2082",15.187787
"710","Boerhavia_2084",15.012062
"711","Mollugo_2087",78.456538
"712","Mollugo_2088",49.156972
"713","Deeringia_2096",40.781524
"714","Deeringia_2097",40.781524
"715","Chenopodium_2101",27.299094
"716","Chenopodium_2102",30.051262
"717","Bassia_2114",10.957942
"718","Bassia_2116",11.05311
"719","Salsola_2119",16.83516
"720","Salsola_2127",9.513243
"721","Salsola_2132",35.780788
"722","Herniaria_2133",76.08826
"723","Herniaria_2135",78.224103
"724","Drymaria_2137",36.079824
"725","Drymaria_2139",43.760802
"726","Arenaria_2141",1.54762
"727","Stellaria_2142",3.267437
"728","Stellaria_2143",8.107802
"729","Arenaria_2153",61.299627
"730","Silene_2156",29.365623
"731","Silene_2157",30.268626
"732","Silene_2158",7.34724
"733","Sagina_2164",13.488956
"734","Sagina_2165",19.234647
"735","Helixanthera_2175",24.434048
"736","Helixanthera_2176",30.88652
"737","Liquidambar_2208",5.913064
"738","Altingia_2209",5.913064
"739","Altingia_2210",4.136495
"740","Liquidambar_2211",4.136495
"741","Saxifraga_2216",15.671519
"742","Saxifraga_2217",25.35488
"743","Mitella_2222",2.477796
"744","Mitella_2223",11.072294
"745","Kalanchoe_2232",12.831396
"746","Kalanchoe_2233",12.831396
"747","Sedum_2239",49.43976
"748","Sedum_2240",25.690972
"749","Sedum_2243",32.289679
"750","Sedum_2244",39.922803
"751","Sedum_2245",11.046575
"752","Polygala_2249",26.968285
"753","Polygala_2250",46.523761
"754","Smithia_2264",43.19096
"755","Vicia_2274",0.362505
"756","Vicia_2275",24.19607
"757","Vicia_2276",25.216341
"758","Hedysarum_2279",22.852323
"759","Hedysarum_2282",1.238567
"760","Caragana_2283",9.124847
"761","Caragana_2286",3.155285
"762","Millettia_2303",45.590235
"763","Millettia_2308",22.908578
"764","Desmodium_2320",7.581097
"765","Desmodium_2323",3.430685
"766","Spatholobus_2328",10.413333
"767","Spatholobus_2330",14.168161
"768","Rhynchosia_2332",19.901759
"769","Rhynchosia_2334",16.658022
"770","Pueraria_2339",22.850001
"771","Pueraria_2344",30.336338
"772","Dysolobium_2346",28.713937
"773","Dysolobium_2348",31.41086
"774","Caesalpinia_2365",50.788747
"775","Parkia_2368",24.082326
"776","Albizia_2369",18.83658
"777","Calliandra_2370",18.83658
"778","Parkia_2371",21.785518
"779","Smithia_2372",11.138681
"780","Acacia_2373",11.138681
"781","Acacia_2375",8.222961
"782","Albizia_2376",9.095922
"783","Calliandra_2377",21.194644
"784","Caesalpinia_2380",12.984043
"785","Caesalpinia_2382",18.693439
"786","Photinia_2392",1.513358
"787","Sorbus_2393",0.242775
"788","Photinia_2399",3.48979
"789","Sorbus_2404",6.042222
"790","Padus_2407",9.706734
"791","Padus_2410",6.212991
"792","Prunus_2412",5.976411
"793","Amygdalus_2413",5.976411
"794","Amygdalus_2414",6.76771
"795","Prunus_2415",6.76771
"796","Armeniaca_2417",9.595359
"797","Armeniaca_2418",10.832095
"798","Potentilla_2426",2.705942
"799","Sibbaldia_2429",0.684075
"800","Sibbaldia_2430",0.754784
"801","Potentilla_2433",33.740129
"802","Potentilla_2434",5.982869
"803","Duchesnea_2435",3.922268
"804","Potentilla_2436",3.429979
"805","Duchesnea_2437",8.533805
"806","Potentilla_2438",8.085162
"807","Potentilla_2439",20.360639
"808","Sanguisorba_2441",18.110636
"809","Sanguisorba_2442",9.383006
"810","Ziziphus_2451",43.085004
"811","Ziziphus_2459",34.004451
"812","Hovenia_2460",11.416736
"813","Hovenia_2464",41.706384
"814","Ulmus_2468",4.76708
"815","Ulmus_2469",7.934724
"816","Boehmeria_2485",0.245268
"817","Boehmeria_2486",24.663732
"818","Boehmeria_2487",4.556547
"819","Laportea_2496",45.017427
"820","Laportea_2500",43.00013
"821","Cucumis_2525",9.255991
"822","Cucumis_2527",10.62371
"823","Maytenus_2566",3.563174
"824","Maytenus_2568",5.86215
"825","Euonymus_2571",9.169939
"826","Euonymus_2572",0.061444
"827","Euonymus_2573",7.646317
"828","Euonymus_2575",4.571201
"829","Hypericum_2585",16.616657
"830","Triadenum_2586",0.745047
"831","Hypericum_2587",0.745047
"832","Triadenum_2588",3.703341
"833","Hypericum_2589",7.50209
"834","Salix_2609",10.87729
"835","Salix_2610",3.377302
"836","Xylosma_2613",6.136931
"837","Xylosma_2615",6.947179
"838","Drypetes_2620",10.162589
"839","Drypetes_2621",13.265637
"840","Phyllanthus_2632",16.655807
"841","Phyllanthus_2633",13.277667
"842","Sauropus_2634",4.598174
"843","Breynia_2635",2.546744
"844","Sauropus_2636",4.717458
"845","Breynia_2637",8.071108
"846","Phyllanthodendron_2638",8.067288
"847","Phyllanthodendron_2639",3.02208
"848","Phyllanthus_2641",15.885227
"849","Phyllanthus_2642",19.409204
"850","Vernicia_2657",0.100392
"851","Vernicia_2658",2.257241
"852","Euphorbia_2667",23.454317
"853","Euphorbia_2668",14.219716
"854","Rourea_2700",12.84077
"855","Agelaea_2702",11.304011
"856","Rourea_2704",2.294605
"857","Agelaea_2705",2.294605
"858","Sonerila_2735",10.512232
"859","Allomorphia_2745",2.69908
"860","Sonerila_2746",7.269861
"861","Allomorphia_2748",6.963835
"862","Osbeckia_2752",9.804152
"863","Osbeckia_2754",6.231735
"864","Osbeckia_2755",11.648831
"865","Crateva_2766",33.868095
"866","Crateva_2768",31.289652
"867","Cardamine_2776",7.988257
"868","Cardamine_2778",2.400006
"869","Cardamine_2779",7.895517
"870","Megacarpaea_2780",7.895517
"871","Smelowskia_2784",6.361009
"872","Smelowskia_2786",0.118575
"873","Alyssum_2792",5.431036
"874","Megacarpaea_2793",31.226126
"875","Alyssum_2794",25.208779
"876","Arabis_2814",17.514692
"877","Arabis_2815",19.234126
"878","Megacarpaea_2818",13.094946
"879","Tetracme_2825",12.104651
"880","Neotorularia_2826",11.257482
"881","Desideria_2829",8.989229
"882","Desideria_2830",10.177906
"883","Sisymbriopsis_2831",10.177906
"884","Tetracme_2838",8.036329
"885","Sisymbriopsis_2839",8.036329
"886","Neotorularia_2840",17.846089
"887","Dontostemon_2841",11.945314
"888","Dontostemon_2843",12.034396
"889","Daphne_2867",0.503547
"890","Daphne_2868",3.62574
"891","Daphne_2870",15.329799
"892","Wikstroemia_2872",4.553591
"893","Wikstroemia_2873",6.829297
"894","Diplodiscus_2882",10.332784
"895","Diplodiscus_2884",12.864972
"896","Malva_2892",3.742126
"897","Malva_2893",3.742127
"898","Microcos_2907",1.029848
"899","Microcos_2908",7.041103
"900","Shorea_2917",14.057351
"901","Shorea_2918",15.412357
"902","Xerospermum_2937",8.928113
"903","Xerospermum_2938",8.157961
"904","Dysoxylum_2945",28.353297
"905","Dysoxylum_2949",10.335213
"906","Aglaia_2951",5.242255
"907","Aglaia_2953",2.401518
"908","Dysoxylum_2954",9.251735
"909","Melicope_2965",5.055961
"910","Melicope_2966",11.928174
"911","Zanthoxylum_2967",10.610427
"912","Zanthoxylum_2968",10.937537
"913","Zanthoxylum_2970",9.148247
"914","Murraya_2971",9.148247
"915","Zanthoxylum_2972",1.458935
"916","Murraya_2977",17.616421
"917","Murraya_2981",16.932625
"918","Cotinus_2997",19.192331
"919","Semecarpus_2999",15.15349
"920","Semecarpus_3001",12.006874
"921","Rhus_3003",11.204491
"922","Cotinus_3004",11.204491
"923","Rhus_3007",14.755137
"924","Cayratia_3023",38.624456
"925","Cayratia_3024",32.80673
